question	answer
"        
        Se noi {{c1::avessimo avuto}} (avere) più tempo, {{c1::avremmo potuto}} (potere) esplorare le antiche strategie militari dei Romani durante la Repubblica."	"avessimo avuto

L'espressione ""Se noi avessimo avuto"" utilizza il modo congiuntivo trapassato per indicare una condizione irreale riferita al passato. Si usa con il congiuntivo passato per esprimere situazioni che non si sono realizzate, ma che avrebbero potuto avere conseguenze diverse. In questa frase, si ipotizza che se ci fosse stato più tempo nel passato, sarebbe stato possibile esplorare le strategie militari dei Romani.

Coniugazione di ""avere"" nel congiuntivo trapassato:
- io avessi avuto
- tu avessi avuto
- lui/lei avesse avuto
- noi avessimo avuto
- voi aveste avuto
- loro avessero avuto

[Scopri di più sulla storia romana con ChatGPT](https://chat.openai.com/?query=dimmi_di_più_sulle_strategie_militari_dei_Romani_durante_la_Repubblica)

[Leggi di più sulla storia romana su Wikipedia](https://it.wikipedia.org/wiki/Storia_di_Roma)"
